{"text": " So, I just want to make sure that the returns, return items, and the import both match. Do you have your normal key by the way? I think I'm fine yet, yeah. Let me find a", "segments": [{"id": 0, "seek": 0, "start": 0.0, "end": 29.96, "text": " So, I just want to make sure that the returns, return items, and the import", "tokens": [50364, 407, 11, 286, 445, 528, 281, 652, 988, 300, 264, 11247, 11, 2736, 4754, 11, 293, 264, 974, 51862], "temperature": 0.0, "avg_logprob": -0.6293894160877574, "compression_ratio": 1.0714285714285714, "no_speech_prob": 0.5256920456886292}, {"id": 1, "seek": 2996, "start": 29.96, "end": 36.28, "text": " both match. Do you have your normal key by the way? I think I'm fine yet, yeah. Let me find a", "tokens": [50364, 1293, 2995, 13, 1144, 291, 362, 428, 2710, 2141, 538, 264, 636, 30, 286, 519, 286, 478, 2489, 1939, 11, 1338, 13, 961, 385, 915, 257, 50680], "temperature": 0.0, "avg_logprob": -0.6855746959817821, "compression_ratio": 1.0568181818181819, "no_speech_prob": 0.518576443195343}], "language": "en"}